{"cameraMode":{"drawMode":0,"name":"Shaded","section":"Shading Mode"},"sceneLighting":false,"audioPlay":false,"sceneViewState":{"m_AlwaysRefresh":false,"showFog":true,"showSkybox":false,"showFlares":true,"showImageEffects":true,"showParticleSystems":true,"showVisualEffectGraphs":true,"m_FxEnabled":true},"in2DMode":false,"pivot":{"x":0.1960110068321228,"y":-3.2890701293945314,"z":4.0991668701171879},"rotation":{"x":-0.23922723531723023,"y":0.04280053824186325,"z":-0.010556099936366082,"w":-0.9699624180793762},"size":5.565667152404785,"orthographic":false}